000002790_000011580.wav|you don't want to smell. pick out an outfit that will fit in with the latest trends and won't make you the laughingstock of the school more than you already
000013620_000023220.wav|put on some makeup so you can actually show your face in public and be a little bit, you can't even recognize yourself, and your face tingles with an unbelievable issue you can't satisfy,
000023220_000032070.wav|otherwise you'll have ruined the hours of, painting you apply to your hideous, style your hair in elegant curls.
000032220_000034440.wav|you can't let everyone at school see how your hair
000039690_000047580.wav|shove your fat feet into those toe pinching, blood blistering covers that everyone at school is wearing, be the odd one out.
000048720_000058230.wav|as you gaze into the bathroom, you'll see a stranger that somehow stole your reflection and replaced, every part of your outfit is uncomfortable,
000058230_000107320.wav|but even though you spend hours, trying to look pretty, you will never be as good as those other girls, you are actually holding back a few tears,
000107320_000115030.wav|but you feel like you are holding back a tsunami of emotion. you can't let anyone else know that you feel otherwise. they will never respect you, the same way they used to.
000116770_000121870.wav|or did they ever? why am i not good enough?
000128710_000136300.wav|find a group of people you can walk to class with, because heaven knows you can't just walk. but you don't even like these people.
000139420_000149110.wav|and they laugh and make fun. of you. you know you shouldn't hang out with them. but hey, they are the popular kids, and you just want people to like you,
000151120_000158050.wav|you are in the stocks, you cannot stand up for yourself
000158050_000206090.wav|because you are alone, trapped and defenseless, and you cannot stand up for yourself because these popular kids are like the royalty of the school. and apparently what they say and do
000210410_000218930.wav|each assumption, each opinion, each strange look. each remark, each criticism, review, each report, each assessment, and with it, your self esteem
000226760_000236090.wav|into the dark, and dreary depths, you look at. all of the other girls, your mind racing a mile a minute? i wish i had her eyes.
000236090_000245840.wav|i wish i had her hair. i wish i was as skinny as her. i wish. i had her perfectly straight, white teeth. i wish, that i had her social confidence. i wished as many boys liked me. as
000249680_000254960.wav|am i not good enough? life isn't
000258650_000307830.wav|the only part of your life that seems solvable is the actual school work. you take pride in your work, possibly the only thing special about you.
000308700_000317010.wav|you do it. see the radiant smiles on your teacher's faces as they applaud your work. the joyful praise is the gentle rain that brings forth a magnificent. rainbow,
000319740_000326460.wav|one of the only, things that brings you happiness. but it is not popular
000330240_000339060.wav|human calculator, brainiac geek, teachers pet. suck up whatever wonderful name you can think of. your peers. jealousy is the pollution that prevents
000339090_000346710.wav|a rainbow, the bulldozer that ploughs through the fields of once golden daisies, the intangible object. that crushes your happiness like a bug.
000349950_000358170.wav|are getting you nothing, am i not good enough?
000406360_000414010.wav|it's the end of the day. get ready for bed. wow, did i get fatter today?
000431740_000435940.wav|this is my, i can't control it.
000435940_000443500.wav|i've been told i can't compare apples and oranges. i've been told i'm distorted. i've been told i have to be grateful for who i am.
000444130_000451480.wav|but going through your middle school years, you are on your own journey to find yourself, on a small jet, you cannot control what happens
000453010_000500060.wav|will throw you off course. always a good thing.
000500450_000509450.wav|you tell yourself. i just want people to like me. i just want to be accepted. but skipping meals and marking up your wrist isn't going to fix that.
000510680_000516410.wav|you look at other girls wishing you were them, but other girls are looking at you, wishing they were you.
000521060_000529940.wav|tan skin, long silky hair, perfectly straight teeth, big butts and, society and furs. girls have to wear tons of makeup to be pretty.
000530510_000539240.wav|society and furs, girls have to wear ****** clothing and do inappropriate things with boys to be happy. and considered cool. but society is
000540590_000550550.wav|you are loved. you are precious. you are beautiful. you are talented. you are capable. you are deserving of respect. you can eat that meal. you are one
000034500_000036930.wav|frizzes up like an electrocuted monkey
000054300_000055320.wav|completely different girl
000137020_000139060.wav|They cuss and they make dirty jokes a lot
000152320_000156310.wav|as people throw judging tomatoes and hating heads of lettuce at your insecure little head
000220070_000221300.wav|like a sinking
000317010_000319740.wav|the radiant sunshine that brings forth fields of sweet daisies
000327480_000329370.wav|In fact, you are seen as a nerd
000408910_000410020.wav|10 undress
000410020_000411160.wav|Get your pajamas on
000417220_000418960.wav|Wow, my hair looks like a mop
000420280_000421810.wav|wash off all of your makeup
000517850_000519260.wav|Society and furs
000519260_000520700.wav|girls have to have skinny waists
000552860_000553880.wav|And most of all
